<?xml version="1.0" encoding="utf-8"?>
<extension type="module" version="3.7" client="site" method="upgrade">
	<name>mod_google_calendar</name>
	<author>Rheinsurfen - David Neukirchen</author>
	<creationDate>Sep 2015</creationDate>
	<copyright>Copyright (C) 2005 - 2015 Open Source Matters. All rights reserved.</copyright>
	<license>GNU/GPLv3 http://www.gnu.org/licenses/gpl-3.0.html</license>
	<authorEmail>extensions@rheinsurfen.de</authorEmail>
	<authorUrl>www.rheinsurfen.de</authorUrl>
	<version>1.1.1</version>
	<description>MOD_GOOGLE_CALENDAR_DESCRIPTION</description>
	<updateservers>
		<server type="extension" name="Google Calendar Module" priority="1">http://www.rheinsurfen.de/dl/mod_google_calendar.xml</server>
	</updateservers>
	<files>
		<filename module="mod_google_calendar">mod_google_calendar.php</filename>
		<folder>language</folder>
		<folder>media</folder>
		<folder>tmpl</folder>
		<filename>helper.php</filename>
	</files>
	<config>
		<fields name="params">
			<fieldset name="basic">
				<field
						name="api_key"
						type="text"
						label="MOD_GOOGLE_CALENDAR_FIELD_API_KEY"
						description="MOD_GOOGLE_CALENDAR_FIELD_API_KEY_DESC"
						required="true" />
				<field
						name="calendar_id"
						type="text"
						label="MOD_GOOGLE_CALENDAR_FIELD_CALENDAR_ID"
						description="MOD_GOOGLE_CALENDAR_FIELD_CALENDAR_ID_DESC"
						required="true" />
				<field
						name="max_list_events"
						type="text"
						default="5"
						label="MOD_GOOGLE_CALENDAR_FIELD_MAX_LIST_EVENTS"
						description="MOD_GOOGLE_CALENDAR_FIELD_MAX_LIST_EVENTS_DESC"
						/>
				<field
						name="show_link"
						type="list"
						default="1"
						label="MOD_GOOGLE_CALENDAR_FIELD_SHOW_LINK"
						description="MOD_GOOGLE_CALENDAR_FIELD_SHOW_LINK_DESC">
					<option value="0">JNO</option>
					<option value="1">JYES</option>
				</field>
				<field
						name="show_location"
						type="list"
						default="0"
						label="MOD_GOOGLE_CALENDAR_FIELD_SHOW_LOCATION"
						description="MOD_GOOGLE_CALENDAR_FIELD_SHOW_LOCATION_DESC">
					<option value="0">JNO</option>
					<option value="1">JYES</option>
				</field>
				<field
						name="api_cache_time"
						type="text"
						default="60"
						label="MOD_GOOGLE_CALENDAR_FIELD_API_CACHE_TIME_MINUTES"
						description="MOD_GOOGLE_CALENDAR_FIELD_API_CACHE_TIME_MINUTES_DESC"/>
			</fieldset>
			<fieldset name="advanced">
				<field
						name="layout"
						type="modulelayout"
						label="JFIELD_ALT_LAYOUT_LABEL"
						description="JFIELD_ALT_MODULE_LAYOUT_DESC"/>
				<field
						name="moduleclass_sfx"
						type="textarea" rows="3"
						label="COM_MODULES_FIELD_MODULECLASS_SFX_LABEL"
						description="COM_MODULES_FIELD_MODULECLASS_SFX_DESC"/>
				<field
						name="cache"
						type="list"
						default="1"
						label="COM_MODULES_FIELD_CACHING_LABEL"
						description="COM_MODULES_FIELD_CACHING_DESC">
					<option
							value="1">JGLOBAL_USE_GLOBAL
					</option>
					<option
							value="0">COM_MODULES_FIELD_VALUE_NOCACHING
					</option>
				</field>
				<field
						name="cache_time"
						type="text"
						default="900"
						label="COM_MODULES_FIELD_CACHE_TIME_LABEL"
						description="COM_MODULES_FIELD_CACHE_TIME_DESC"/>
				<field
						name="cachemode"
						type="hidden"
						default="static">
					<option
							value="static"></option>
				</field>
			</fieldset>
		</fields>
	</config>
</extension>
